timestamp, index, temperature.gpu, power.draw [W], clocks.current.sm [MHz], clocks_event_reasons.active
2026/09/16 11:24:38.750, 0, 32, 48.28 W, 210 MHz, 0x0000000000000001
2026/09/16 11:24:40.751, 0, 32, 48.50 W, 210 MHz, 0x0000000000000001
2026/09/16 11:24:42.751, 0, 32, 48.38 W, 210 MHz, 0x0000000000000001
2026/09/16 11:24:44.752, 0, 32, 48.38 W, 210 MHz, 0x0000000000000001
2026/09/16 11:24:46.752, 0, 32, 48.38 W, 210 MHz, 0x0000000000000001
2026/09/16 11:24:48.752, 0, 32, 48.42 W, 210 MHz, 0x0000000000000001
2026/09/16 11:24:50.753, 0, 32, 48.40 W, 210 MHz, 0x0000000000000001
2026/09/16 11:24:52.753, 0, 32, 48.33 W, 210 MHz, 0x0000000000000001
2026/09/16 11:24:54.754, 0, 32, 48.18 W, 210 MHz, 0x0000000000000001
2026/09/16 11:24:56.754, 0, 32, 48.40 W, 210 MHz, 0x0000000000000001
2026/09/16 11:24:58.754, 0, 32, 48.42 W, 210 MHz, 0x0000000000000001
2026/09/16 11:25:00.755, 0, 32, 48.45 W, 210 MHz, 0x0000000000000001
2026/09/16 11:25:02.755, 0, 32, 48.30 W, 210 MHz, 0x0000000000000001
2026/09/16 11:25:04.755, 0, 32, 48.25 W, 210 MHz, 0x0000000000000001
2026/09/16 11:25:06.756, 0, 32, 48.40 W, 210 MHz, 0x0000000000000001
2026/09/16 11:25:08.756, 0, 32, 48.40 W, 210 MHz, 0x0000000000000001
2026/09/16 11:25:10.757, 0, 32, 48.23 W, 210 MHz, 0x0000000000000001
2026/09/16 11:25:12.757, 0, 32, 48.40 W, 210 MHz, 0x0000000000000001
2026/09/16 11:25:14.757, 0, 32, 48.23 W, 210 MHz, 0x0000000000000001
2026/09/16 11:25:16.758, 0, 32, 48.45 W, 210 MHz, 0x0000000000000001
2026/09/16 11:25:18.758, 0, 32, 48.38 W, 210 MHz, 0x0000000000000001
2026/09/16 11:25:20.758, 0, 32, 48.28 W, 210 MHz, 0x0000000000000001
2026/09/16 11:25:22.759, 0, 49, 409.65 W, 1185 MHz, 0x0000000000000004
2026/09/16 11:25:24.759, 0, 55, 400.91 W, 1200 MHz, 0x0000000000000004
2026/09/16 11:25:26.759, 0, 57, 406.25 W, 1200 MHz, 0x0000000000000004
2026/09/16 11:25:28.760, 0, 58, 392.17 W, 1200 MHz, 0x0000000000000004
2026/09/16 11:25:30.760, 0, 60, 395.06 W, 1185 MHz, 0x0000000000000004
2026/09/16 11:25:32.760, 0, 61, 371.43 W, 1170 MHz, 0x0000000000000004
2026/09/16 11:25:34.761, 0, 61, 372.25 W, 1155 MHz, 0x0000000000000004
2026/09/16 11:25:36.761, 0, 63, 397.47 W, 1185 MHz, 0x0000000000000004
2026/09/16 11:25:38.761, 0, 64, 404.69 W, 1185 MHz, 0x0000000000000004
2026/09/16 11:25:40.762, 0, 65, 402.11 W, 1185 MHz, 0x0000000000000004
2026/09/16 11:25:42.762, 0, 66, 396.51 W, 1185 MHz, 0x0000000000000004
2026/09/16 11:25:44.762, 0, 66, 406.19 W, 1185 MHz, 0x0000000000000004
2026/09/16 11:25:46.763, 0, 67, 405.87 W, 1185 MHz, 0x0000000000000004
2026/09/16 11:25:48.763, 0, 67, 405.59 W, 1185 MHz, 0x0000000000000004
2026/09/16 11:25:50.763, 0, 68, 396.24 W, 1170 MHz, 0x0000000000000004
2026/09/16 11:25:52.764, 0, 69, 405.32 W, 1185 MHz, 0x0000000000000004
2026/09/16 11:25:54.764, 0, 69, 401.51 W, 1185 MHz, 0x0000000000000004
2026/09/16 11:25:56.764, 0, 70, 404.72 W, 1185 MHz, 0x0000000000000004
2026/09/16 11:25:58.765, 0, 69, 385.73 W, 1170 MHz, 0x0000000000000004
2026/09/16 11:26:00.765, 0, 71, 410.00 W, 1185 MHz, 0x0000000000000004
2026/09/16 11:26:02.765, 0, 71, 418.16 W, 1170 MHz, 0x0000000000000004
2026/09/16 11:26:04.766, 0, 71, 399.45 W, 1140 MHz, 0x0000000000000004
2026/09/16 11:26:06.766, 0, 71, 381.60 W, 1185 MHz, 0x0000000000000004
2026/09/16 11:26:08.766, 0, 72, 374.31 W, 1155 MHz, 0x0000000000000004
2026/09/16 11:26:10.767, 0, 72, 377.52 W, 1155 MHz, 0x0000000000000004
2026/09/16 11:26:12.767, 0, 72, 402.38 W, 1155 MHz, 0x0000000000000004
2026/09/16 11:26:14.767, 0, 74, 398.57 W, 1185 MHz, 0x0000000000000004
2026/09/16 11:26:16.768, 0, 73, 383.20 W, 1185 MHz, 0x0000000000000004
2026/09/16 11:26:18.768, 0, 74, 376.65 W, 1185 MHz, 0x0000000000000004
2026/09/16 11:26:20.768, 0, 74, 374.31 W, 1140 MHz, 0x0000000000000004
2026/09/16 11:26:22.769, 0, 74, 397.10 W, 1185 MHz, 0x0000000000000004
2026/09/16 11:26:24.769, 0, 75, 399.77 W, 1185 MHz, 0x0000000000000004
2026/09/16 11:26:26.769, 0, 74, 437.47 W, 1155 MHz, 0x0000000000000004
2026/09/16 11:26:28.770, 0, 75, 403.63 W, 1155 MHz, 0x0000000000000004
2026/09/16 11:26:30.770, 0, 75, 402.57 W, 1170 MHz, 0x0000000000000004
2026/09/16 11:26:32.770, 0, 75, 406.25 W, 1155 MHz, 0x0000000000000004
2026/09/16 11:26:34.771, 0, 74, 433.40 W, 1140 MHz, 0x0000000000000004
2026/09/16 11:26:36.771, 0, 75, 378.00 W, 1170 MHz, 0x0000000000000004
2026/09/16 11:26:38.772, 0, 75, 412.14 W, 1185 MHz, 0x0000000000000004
2026/09/16 11:26:40.772, 0, 74, 397.65 W, 1185 MHz, 0x0000000000000004
2026/09/16 11:26:42.772, 0, 75, 397.71 W, 1185 MHz, 0x0000000000000004
2026/09/16 11:26:44.772, 0, 75, 394.68 W, 1155 MHz, 0x0000000000000004
2026/09/16 11:26:46.773, 0, 76, 402.80 W, 1200 MHz, 0x0000000000000004
2026/09/16 11:26:48.773, 0, 75, 430.59 W, 1140 MHz, 0x0000000000000004
2026/09/16 11:26:50.774, 0, 75, 397.27 W, 1155 MHz, 0x0000000000000004
2026/09/16 11:26:52.774, 0, 75, 400.27 W, 1140 MHz, 0x0000000000000004
2026/09/16 11:26:54.774, 0, 75, 406.67 W, 1155 MHz, 0x0000000000000004
2026/09/16 11:26:56.775, 0, 75, 404.32 W, 1155 MHz, 0x0000000000000004
2026/09/16 11:26:58.775, 0, 75, 405.49 W, 1170 MHz, 0x0000000000000004
2026/09/16 11:27:00.775, 0, 75, 390.49 W, 1140 MHz, 0x0000000000000004
2026/09/16 11:27:02.776, 0, 74, 391.51 W, 1155 MHz, 0x0000000000000004
2026/09/16 11:27:04.776, 0, 75, 392.24 W, 1155 MHz, 0x0000000000000004
2026/09/16 11:27:06.777, 0, 75, 395.93 W, 1155 MHz, 0x0000000000000004
2026/09/16 11:27:08.777, 0, 75, 401.42 W, 1155 MHz, 0x0000000000000004
2026/09/16 11:27:10.777, 0, 76, 388.35 W, 1155 MHz, 0x0000000000000004
2026/09/16 11:27:12.778, 0, 75, 392.09 W, 1155 MHz, 0x0000000000000004
2026/09/16 11:27:14.778, 0, 75, 392.09 W, 1155 MHz, 0x0000000000000004
2026/09/16 11:27:16.778, 0, 75, 400.87 W, 1170 MHz, 0x0000000000000004
2026/09/16 11:27:18.779, 0, 75, 409.55 W, 1155 MHz, 0x0000000000000004
2026/09/16 11:27:20.779, 0, 75, 415.95 W, 1155 MHz, 0x0000000000000004
2026/09/16 11:27:22.780, 0, 75, 391.43 W, 1155 MHz, 0x0000000000000004
2026/09/16 11:27:24.780, 0, 75, 403.03 W, 1155 MHz, 0x0000000000000004
2026/09/16 11:27:26.780, 0, 75, 416.41 W, 1155 MHz, 0x0000000000000004
2026/09/16 11:27:28.781, 0, 75, 412.75 W, 1140 MHz, 0x0000000000000004
2026/09/16 11:27:30.781, 0, 75, 398.07 W, 1155 MHz, 0x0000000000000004
2026/09/16 11:27:32.781, 0, 75, 390.02 W, 1140 MHz, 0x0000000000000004
2026/09/16 11:27:34.781, 0, 76, 388.55 W, 1185 MHz, 0x0000000000000004
2026/09/16 11:27:36.782, 0, 75, 404.87 W, 1155 MHz, 0x0000000000000004
2026/09/16 11:27:38.782, 0, 76, 388.94 W, 1170 MHz, 0x0000000000000004
2026/09/16 11:27:40.782, 0, 75, 396.18 W, 1155 MHz, 0x0000000000000004
2026/09/16 11:27:42.783, 0, 75, 390.49 W, 1155 MHz, 0x0000000000000004
2026/09/16 11:27:44.783, 0, 75, 398.75 W, 1155 MHz, 0x0000000000000004
2026/09/16 11:27:46.783, 0, 75, 407.91 W, 1155 MHz, 0x0000000000000004
2026/09/16 11:27:48.784, 0, 75, 404.28 W, 1155 MHz, 0x0000000000000004
2026/09/16 11:27:50.784, 0, 75, 393.38 W, 1155 MHz, 0x0000000000000004
2026/09/16 11:27:52.784, 0, 76, 394.98 W, 1155 MHz, 0x0000000000000004
2026/09/16 11:27:54.784, 0, 76, 389.75 W, 1185 MHz, 0x0000000000000004
2026/09/16 11:27:56.785, 0, 75, 413.29 W, 1155 MHz, 0x0000000000000004
2026/09/16 11:27:58.785, 0, 75, 402.57 W, 1170 MHz, 0x0000000000000004
2026/09/16 11:28:00.786, 0, 75, 389.96 W, 1155 MHz, 0x0000000000000004
2026/09/16 11:28:02.786, 0, 76, 388.68 W, 1185 MHz, 0x0000000000000004
2026/09/16 11:28:04.786, 0, 75, 406.25 W, 1155 MHz, 0x0000000000000004
2026/09/16 11:28:06.787, 0, 75, 403.21 W, 1155 MHz, 0x0000000000000004
2026/09/16 11:28:08.787, 0, 75, 400.45 W, 1155 MHz, 0x0000000000000004
2026/09/16 11:28:10.788, 0, 75, 402.98 W, 1155 MHz, 0x0000000000000004
2026/09/16 11:28:12.788, 0, 75, 402.98 W, 1185 MHz, 0x0000000000000004
2026/09/16 11:28:14.788, 0, 75, 401.37 W, 1170 MHz, 0x0000000000000004
2026/09/16 11:28:16.789, 0, 75, 406.91 W, 1155 MHz, 0x0000000000000004
2026/09/16 11:28:18.789, 0, 75, 407.49 W, 1155 MHz, 0x0000000000000004
2026/09/16 11:28:20.790, 0, 75, 419.19 W, 1155 MHz, 0x0000000000000004
2026/09/16 11:28:22.790, 0, 75, 402.43 W, 1170 MHz, 0x0000000000000004
2026/09/16 11:28:24.790, 0, 75, 401.92 W, 1155 MHz, 0x0000000000000004
2026/09/16 11:28:26.791, 0, 75, 394.17 W, 1155 MHz, 0x0000000000000004
2026/09/16 11:28:28.791, 0, 75, 393.65 W, 1155 MHz, 0x0000000000000004
2026/09/16 11:28:30.792, 0, 75, 390.36 W, 1155 MHz, 0x0000000000000004
2026/09/16 11:28:32.792, 0, 76, 393.84 W, 1155 MHz, 0x0000000000000004
2026/09/16 11:28:34.792, 0, 75, 392.43 W, 1155 MHz, 0x0000000000000004
2026/09/16 11:28:36.793, 0, 76, 390.42 W, 1155 MHz, 0x0000000000000004
2026/09/16 11:28:38.793, 0, 75, 395.59 W, 1155 MHz, 0x0000000000000004
2026/09/16 11:28:40.793, 0, 75, 398.01 W, 1155 MHz, 0x0000000000000004
2026/09/16 11:28:42.794, 0, 75, 410.40 W, 1155 MHz, 0x0000000000000004
2026/09/16 11:28:44.794, 0, 75, 401.98 W, 1170 MHz, 0x0000000000000004
2026/09/16 11:28:46.794, 0, 76, 420.76 W, 1185 MHz, 0x0000000000000004
2026/09/16 11:28:48.795, 0, 75, 405.38 W, 1155 MHz, 0x0000000000000004
2026/09/16 11:28:50.795, 0, 75, 392.77 W, 1155 MHz, 0x0000000000000004
2026/09/16 11:28:52.795, 0, 76, 398.29 W, 1185 MHz, 0x0000000000000004
2026/09/16 11:28:54.796, 0, 75, 392.51 W, 1155 MHz, 0x0000000000000004
2026/09/16 11:28:56.796, 0, 75, 402.99 W, 1170 MHz, 0x0000000000000004
2026/09/16 11:28:58.796, 0, 75, 401.33 W, 1170 MHz, 0x0000000000000004
2026/09/16 11:29:00.797, 0, 76, 403.59 W, 1170 MHz, 0x0000000000000004
2026/09/16 11:29:02.797, 0, 76, 395.26 W, 1170 MHz, 0x0000000000000004
2026/09/16 11:29:04.797, 0, 75, 401.84 W, 1155 MHz, 0x0000000000000004
2026/09/16 11:29:06.798, 0, 76, 392.90 W, 1170 MHz, 0x0000000000000004
2026/09/16 11:29:08.798, 0, 75, 405.98 W, 1155 MHz, 0x0000000000000004
2026/09/16 11:29:10.798, 0, 75, 384.46 W, 1155 MHz, 0x0000000000000004
2026/09/16 11:29:12.799, 0, 75, 395.31 W, 1155 MHz, 0x0000000000000004
2026/09/16 11:29:14.799, 0, 76, 396.65 W, 1170 MHz, 0x0000000000000004
2026/09/16 11:29:16.799, 0, 76, 423.00 W, 1155 MHz, 0x0000000000000004
2026/09/16 11:29:18.800, 0, 75, 380.26 W, 1140 MHz, 0x0000000000000004
2026/09/16 11:29:20.800, 0, 75, 404.72 W, 1155 MHz, 0x0000000000000004
2026/09/16 11:29:22.800, 0, 76, 405.59 W, 1155 MHz, 0x0000000000000004
2026/09/16 11:29:24.801, 0, 63, 121.03 W, 1410 MHz, 0x0000000000000000
2026/09/16 11:29:26.801, 0, 56, 75.02 W, 765 MHz, 0x0000000000000001
2026/09/16 11:29:28.801, 0, 52, 56.81 W, 315 MHz, 0x0000000000000001
2026/09/16 11:29:30.802, 0, 50, 54.46 W, 210 MHz, 0x0000000000000001
2026/09/16 11:29:32.802, 0, 49, 54.19 W, 210 MHz, 0x0000000000000001
2026/09/16 11:29:34.803, 0, 48, 53.92 W, 210 MHz, 0x0000000000000001
2026/09/16 11:29:36.803, 0, 47, 53.59 W, 210 MHz, 0x0000000000000001
2026/09/16 11:29:38.803, 0, 46, 53.21 W, 210 MHz, 0x0000000000000001
2026/09/16 11:29:40.804, 0, 46, 52.99 W, 210 MHz, 0x0000000000000001
2026/09/16 11:29:42.804, 0, 45, 52.88 W, 210 MHz, 0x0000000000000001
2026/09/16 11:29:44.804, 0, 44, 52.78 W, 210 MHz, 0x0000000000000001
2026/09/16 11:29:46.805, 0, 44, 52.56 W, 210 MHz, 0x0000000000000001
2026/09/16 11:29:48.805, 0, 43, 52.33 W, 210 MHz, 0x0000000000000001
2026/09/16 11:29:50.806, 0, 43, 52.28 W, 210 MHz, 0x0000000000000001
2026/09/16 11:29:52.806, 0, 42, 52.01 W, 210 MHz, 0x0000000000000001
2026/09/16 11:29:54.806, 0, 42, 51.90 W, 210 MHz, 0x0000000000000001
2026/09/16 11:29:56.807, 0, 41, 51.79 W, 210 MHz, 0x0000000000000001
2026/09/16 11:29:58.807, 0, 41, 51.52 W, 210 MHz, 0x0000000000000001
2026/09/16 11:30:00.807, 0, 40, 51.47 W, 210 MHz, 0x0000000000000001
2026/09/16 11:30:02.808, 0, 40, 51.14 W, 210 MHz, 0x0000000000000001
2026/09/16 11:30:04.808, 0, 40, 51.14 W, 210 MHz, 0x0000000000000001
2026/09/16 11:30:06.809, 0, 39, 50.87 W, 210 MHz, 0x0000000000000001
2026/09/16 11:30:08.809, 0, 39, 50.92 W, 210 MHz, 0x0000000000000001
2026/09/16 11:30:10.809, 0, 39, 50.85 W, 210 MHz, 0x0000000000000001
2026/09/16 11:30:12.810, 0, 38, 50.91 W, 210 MHz, 0x0000000000000001
2026/09/16 11:30:14.810, 0, 38, 50.63 W, 210 MHz, 0x0000000000000001
2026/09/16 11:30:16.811, 0, 38, 50.53 W, 210 MHz, 0x0000000000000001
2026/09/16 11:30:18.811, 0, 38, 50.47 W, 210 MHz, 0x0000000000000001
2026/09/16 11:30:20.811, 0, 37, 50.38 W, 210 MHz, 0x0000000000000001
2026/09/16 11:30:22.812, 0, 37, 50.21 W, 210 MHz, 0x0000000000000001
